﻿
<DynamicTemplateString>
	<StringID>com.fmi.basedirectory.postcode-jp/</StringID>
	<SourceText>postcode-jp/</SourceText>
	<TargetText>postcode-jp/</TargetText>
	<Comment>Base Directories</Comment>
</DynamicTemplateString>

<DynamicTemplateString>
	<StringID>com.fmi.basetable.@Sys</StringID>
	<SourceText>@Sys</SourceText>
	<TargetText>@Sys</TargetText>
	<Comment>BaseTables</Comment>
</DynamicTemplateString>

<DynamicTemplateString>
	<StringID>com.fmi.basetable.Config</StringID>
	<SourceText>Config</SourceText>
	<TargetText>Config</TargetText>
	<Comment>BaseTables</Comment>
</DynamicTemplateString>

<DynamicTemplateString>
	<StringID>com.fmi.basetable.Sample</StringID>
	<SourceText>Sample</SourceText>
	<TargetText>Sample</TargetText>
	<Comment>BaseTables</Comment>
</DynamicTemplateString>

<DynamicTemplateString>
	<StringID>com.fmi.basetable.field.@Sys::html</StringID>
	<SourceText>html</SourceText>
	<TargetText>html</TargetText>
	<Comment>Fields</Comment>
</DynamicTemplateString>

<DynamicTemplateString>
	<StringID>com.fmi.basetable.field.@Sys::key</StringID>
	<SourceText>key</SourceText>
	<TargetText>key</TargetText>
	<Comment>Fields</Comment>
</DynamicTemplateString>

<DynamicTemplateString>
	<StringID>com.fmi.basetable.field.Config::City</StringID>
	<SourceText>City</SourceText>
	<TargetText>City</TargetText>
	<Comment>Fields</Comment>
</DynamicTemplateString>

<DynamicTemplateString>
	<StringID>com.fmi.basetable.field.Config::Fields</StringID>
	<SourceText>Fields</SourceText>
	<TargetText>Fields</TargetText>
	<Comment>Fields</Comment>
</DynamicTemplateString>

<DynamicTemplateString>
	<StringID>com.fmi.basetable.field.Config::Layout</StringID>
	<SourceText>Layout</SourceText>
	<TargetText>Layout</TargetText>
	<Comment>Fields</Comment>
</DynamicTemplateString>

<DynamicTemplateString>
	<StringID>com.fmi.basetable.field.Config::Prefecture</StringID>
	<SourceText>Prefecture</SourceText>
	<TargetText>Prefecture</TargetText>
	<Comment>Fields</Comment>
</DynamicTemplateString>

<DynamicTemplateString>
	<StringID>com.fmi.basetable.field.Config::Town</StringID>
	<SourceText>Town</SourceText>
	<TargetText>Town</TargetText>
	<Comment>Fields</Comment>
</DynamicTemplateString>

<DynamicTemplateString>
	<StringID>com.fmi.basetable.field.Config::UUID</StringID>
	<SourceText>UUID</SourceText>
	<TargetText>UUID</TargetText>
	<Comment>Fields</Comment>
</DynamicTemplateString>

<DynamicTemplateString>
	<StringID>com.fmi.basetable.field.Config::ZipCode</StringID>
	<SourceText>ZipCode</SourceText>
	<TargetText>ZipCode</TargetText>
	<Comment>Fields</Comment>
</DynamicTemplateString>

<DynamicTemplateString>
	<StringID>com.fmi.basetable.field.Sample::市区町村</StringID>
	<SourceText>市区町村</SourceText>
	<TargetText>市区町村</TargetText>
	<Comment>Fields</Comment>
</DynamicTemplateString>

<DynamicTemplateString>
	<StringID>com.fmi.basetable.field.Sample::町域名</StringID>
	<SourceText>町域名</SourceText>
	<TargetText>町域名</TargetText>
	<Comment>Fields</Comment>
</DynamicTemplateString>

<DynamicTemplateString>
	<StringID>com.fmi.basetable.field.Sample::郵便番号</StringID>
	<SourceText>郵便番号</SourceText>
	<TargetText>郵便番号</TargetText>
	<Comment>Fields</Comment>
</DynamicTemplateString>

<DynamicTemplateString>
	<StringID>com.fmi.basetable.field.Sample::都道府県</StringID>
	<SourceText>都道府県</SourceText>
	<TargetText>都道府県</TargetText>
	<Comment>Fields</Comment>
</DynamicTemplateString>

<DynamicTemplateString>
	<StringID>com.fmi.calculation.text.<CR/>postcode-jp の -G オプションは FileMaker cURL ではサポートされていない -d パラメータは POST のみに利用できるので postcode は url に埋め込む<CR/>cURL オプションを使用する操作で Get ( 最終外部エラー詳細 ) を取得する場合、cURL オプションに --show-error（または -S）をつける<CR/>--dump-header（または -D）&lt;$[$]FileMakerの変数&gt; で、FileMakerの変数に dump-header が設定される</StringID>
	<SourceText><CR/>postcode-jp の -G オプションは FileMaker cURL ではサポートされていない -d パラメータは POST のみに利用できるので postcode は url に埋め込む<CR/>cURL オプションを使用する操作で Get ( 最終外部エラー詳細 ) を取得する場合、cURL オプションに --show-error（または -S）をつける<CR/>--dump-header（または -D）&lt;$[$]FileMakerの変数&gt; で、FileMakerの変数に dump-header が設定される<CR/></SourceText>
	<TargetText><CR/>postcode-jp の -G オプションは FileMaker cURL ではサポートされていない -d パラメータは POST のみに利用できるので postcode は url に埋め込む<CR/>cURL オプションを使用する操作で Get ( 最終外部エラー詳細 ) を取得する場合、cURL オプションに --show-error（または -S）をつける<CR/>--dump-header（または -D）&lt;$[$]FileMakerの変数&gt; で、FileMakerの変数に dump-header が設定される<CR/></TargetText>
	<Comment>Calculation Texts</Comment>
</DynamicTemplateString>

<DynamicTemplateString>
	<StringID>com.fmi.calculation.text. --dump-header $dumpHeader</StringID>
	<SourceText> --dump-header $dumpHeader</SourceText>
	<TargetText> --dump-header $dumpHeader</TargetText>
	<Comment>Calculation Texts</Comment>
</DynamicTemplateString>

<DynamicTemplateString>
	<StringID>com.fmi.calculation.text. --show-error</StringID>
	<SourceText> --show-error</SourceText>
	<TargetText> --show-error</TargetText>
	<Comment>Calculation Texts</Comment>
</DynamicTemplateString>

<DynamicTemplateString>
	<StringID>com.fmi.calculation.text. -H \&quot;apikey:</StringID>
	<SourceText> -H \&quot;apikey:</SourceText>
	<TargetText> -H \&quot;apikey:</TargetText>
	<Comment>Calculation Texts</Comment>
</DynamicTemplateString>

<DynamicTemplateString>
	<StringID>com.fmi.calculation.text.#postCode</StringID>
	<SourceText>#postCode</SourceText>
	<TargetText>#postCode</TargetText>
	<Comment>Calculation Texts</Comment>
</DynamicTemplateString>

<DynamicTemplateString>
	<StringID>com.fmi.calculation.text.#uuid</StringID>
	<SourceText>#uuid</SourceText>
	<TargetText>#uuid</TargetText>
	<Comment>Calculation Texts</Comment>
</DynamicTemplateString>

<DynamicTemplateString>
	<StringID>com.fmi.calculation.text.-X GET</StringID>
	<SourceText>-X GET</SourceText>
	<TargetText>-X GET</TargetText>
	<Comment>Calculation Texts</Comment>
</DynamicTemplateString>

<DynamicTemplateString>
	<StringID>com.fmi.calculation.text.0000</StringID>
	<SourceText>0000</SourceText>
	<TargetText>0000</TargetText>
	<Comment>Calculation Texts</Comment>
</DynamicTemplateString>

<DynamicTemplateString>
	<StringID>com.fmi.calculation.text.?</StringID>
	<SourceText>?</SourceText>
	<TargetText>?</TargetText>
	<Comment>Calculation Texts</Comment>
</DynamicTemplateString>

<DynamicTemplateString>
	<StringID>com.fmi.calculation.text.Config</StringID>
	<SourceText>Config</SourceText>
	<TargetText>Config</TargetText>
	<Comment>Calculation Texts</Comment>
</DynamicTemplateString>

<DynamicTemplateString>
	<StringID>com.fmi.calculation.text.DEV_UUID</StringID>
	<SourceText>DEV_UUID</SourceText>
	<TargetText>DEV_UUID</TargetText>
	<Comment>Calculation Texts</Comment>
</DynamicTemplateString>

<DynamicTemplateString>
	<StringID>com.fmi.calculation.text.UUID</StringID>
	<SourceText>UUID</SourceText>
	<TargetText>UUID</TargetText>
	<Comment>Calculation Texts</Comment>
</DynamicTemplateString>

<DynamicTemplateString>
	<StringID>com.fmi.calculation.text.[&lt;^FMXML_AddonInstanceUUID&gt;]</StringID>
	<SourceText>[&lt;^FMXML_AddonInstanceUUID&gt;]</SourceText>
	<TargetText>[&lt;^FMXML_AddonInstanceUUID&gt;]</TargetText>
	<Comment>Calculation Texts</Comment>
</DynamicTemplateString>

<DynamicTemplateString>
	<StringID>com.fmi.calculation.text.[]</StringID>
	<SourceText>[]</SourceText>
	<TargetText>[]</TargetText>
	<Comment>Calculation Texts</Comment>
</DynamicTemplateString>

<DynamicTemplateString>
	<StringID>com.fmi.calculation.text.\&quot;</StringID>
	<SourceText>\&quot;</SourceText>
	<TargetText>\&quot;</TargetText>
	<Comment>Calculation Texts</Comment>
</DynamicTemplateString>

<DynamicTemplateString>
	<StringID>com.fmi.calculation.text._ACTION_</StringID>
	<SourceText>_ACTION_</SourceText>
	<TargetText>_ACTION_</TargetText>
	<Comment>Calculation Texts</Comment>
</DynamicTemplateString>

<DynamicTemplateString>
	<StringID>com.fmi.calculation.text._TITLE_</StringID>
	<SourceText>_TITLE_</SourceText>
	<TargetText>_TITLE_</TargetText>
	<Comment>Calculation Texts</Comment>
</DynamicTemplateString>

<DynamicTemplateString>
	<StringID>com.fmi.calculation.text._UUID_</StringID>
	<SourceText>_UUID_</SourceText>
	<TargetText>_UUID_</TargetText>
	<Comment>Calculation Texts</Comment>
</DynamicTemplateString>

<DynamicTemplateString>
	<StringID>com.fmi.calculation.text.action</StringID>
	<SourceText>action</SourceText>
	<TargetText>action</TargetText>
	<Comment>Calculation Texts</Comment>
</DynamicTemplateString>

<DynamicTemplateString>
	<StringID>com.fmi.calculation.text.data[]</StringID>
	<SourceText>data[]</SourceText>
	<TargetText>data[]</TargetText>
	<Comment>Calculation Texts</Comment>
</DynamicTemplateString>

<DynamicTemplateString>
	<StringID>com.fmi.calculation.text.delete</StringID>
	<SourceText>delete</SourceText>
	<TargetText>delete</TargetText>
	<Comment>Calculation Texts</Comment>
</DynamicTemplateString>

<DynamicTemplateString>
	<StringID>com.fmi.calculation.text.error</StringID>
	<SourceText>error</SourceText>
	<TargetText>error</TargetText>
	<Comment>Calculation Texts</Comment>
</DynamicTemplateString>

<DynamicTemplateString>
	<StringID>com.fmi.calculation.text.fields</StringID>
	<SourceText>fields</SourceText>
	<TargetText>fields</TargetText>
	<Comment>Calculation Texts</Comment>
</DynamicTemplateString>

<DynamicTemplateString>
	<StringID>com.fmi.calculation.text.https://apis.postcode-jp.com/api/v3/postcodes?postcode=#postCode&amp;fields=pref,city,town</StringID>
	<SourceText>https://apis.postcode-jp.com/api/v3/postcodes?postcode=#postCode&amp;fields=pref,city,town</SourceText>
	<TargetText>https://apis.postcode-jp.com/api/v3/postcodes?postcode=#postCode&amp;fields=pref,city,town</TargetText>
	<Comment>Calculation Texts</Comment>
</DynamicTemplateString>

<DynamicTemplateString>
	<StringID>com.fmi.calculation.text.layout</StringID>
	<SourceText>layout</SourceText>
	<TargetText>layout</TargetText>
	<Comment>Calculation Texts</Comment>
</DynamicTemplateString>

<DynamicTemplateString>
	<StringID>com.fmi.calculation.text.layouts</StringID>
	<SourceText>layouts</SourceText>
	<TargetText>layouts</TargetText>
	<Comment>Calculation Texts</Comment>
</DynamicTemplateString>

<DynamicTemplateString>
	<StringID>com.fmi.calculation.text.message</StringID>
	<SourceText>message</SourceText>
	<TargetText>message</TargetText>
	<Comment>Calculation Texts</Comment>
</DynamicTemplateString>

<DynamicTemplateString>
	<StringID>com.fmi.calculation.text.onclick</StringID>
	<SourceText>onclick</SourceText>
	<TargetText>onclick</TargetText>
	<Comment>Calculation Texts</Comment>
</DynamicTemplateString>

<DynamicTemplateString>
	<StringID>com.fmi.calculation.text.onload</StringID>
	<SourceText>onload</SourceText>
	<TargetText>onload</TargetText>
	<Comment>Calculation Texts</Comment>
</DynamicTemplateString>

<DynamicTemplateString>
	<StringID>com.fmi.calculation.text.postCode</StringID>
	<SourceText>postCode</SourceText>
	<TargetText>postCode</TargetText>
	<Comment>Calculation Texts</Comment>
</DynamicTemplateString>

<DynamicTemplateString>
	<StringID>com.fmi.calculation.text.query</StringID>
	<SourceText>query</SourceText>
	<TargetText>query</TargetText>
	<Comment>Calculation Texts</Comment>
</DynamicTemplateString>

<DynamicTemplateString>
	<StringID>com.fmi.calculation.text.response.dataInfo.foundCount</StringID>
	<SourceText>response.dataInfo.foundCount</SourceText>
	<TargetText>response.dataInfo.foundCount</TargetText>
	<Comment>Calculation Texts</Comment>
</DynamicTemplateString>

<DynamicTemplateString>
	<StringID>com.fmi.calculation.text.response.data[].fieldData.City</StringID>
	<SourceText>response.data[].fieldData.City</SourceText>
	<TargetText>response.data[].fieldData.City</TargetText>
	<Comment>Calculation Texts</Comment>
</DynamicTemplateString>

<DynamicTemplateString>
	<StringID>com.fmi.calculation.text.response.data[].fieldData.Prefecture</StringID>
	<SourceText>response.data[].fieldData.Prefecture</SourceText>
	<TargetText>response.data[].fieldData.Prefecture</TargetText>
	<Comment>Calculation Texts</Comment>
</DynamicTemplateString>

<DynamicTemplateString>
	<StringID>com.fmi.calculation.text.response.data[].fieldData.Town</StringID>
	<SourceText>response.data[].fieldData.Town</SourceText>
	<TargetText>response.data[].fieldData.Town</TargetText>
	<Comment>Calculation Texts</Comment>
</DynamicTemplateString>

<DynamicTemplateString>
	<StringID>com.fmi.calculation.text.response.data[].fieldData.ZipCode</StringID>
	<SourceText>response.data[].fieldData.ZipCode</SourceText>
	<TargetText>response.data[].fieldData.ZipCode</TargetText>
	<Comment>Calculation Texts</Comment>
</DynamicTemplateString>

<DynamicTemplateString>
	<StringID>com.fmi.calculation.text.result</StringID>
	<SourceText>result</SourceText>
	<TargetText>result</TargetText>
	<Comment>Calculation Texts</Comment>
</DynamicTemplateString>

<DynamicTemplateString>
	<StringID>com.fmi.calculation.text.result.city</StringID>
	<SourceText>result.city</SourceText>
	<TargetText>result.city</TargetText>
	<Comment>Calculation Texts</Comment>
</DynamicTemplateString>

<DynamicTemplateString>
	<StringID>com.fmi.calculation.text.result.pref</StringID>
	<SourceText>result.pref</SourceText>
	<TargetText>result.pref</TargetText>
	<Comment>Calculation Texts</Comment>
</DynamicTemplateString>

<DynamicTemplateString>
	<StringID>com.fmi.calculation.text.result.town</StringID>
	<SourceText>result.town</SourceText>
	<TargetText>result.town</TargetText>
	<Comment>Calculation Texts</Comment>
</DynamicTemplateString>

<DynamicTemplateString>
	<StringID>com.fmi.calculation.text.source</StringID>
	<SourceText>source</SourceText>
	<TargetText>source</TargetText>
	<Comment>Calculation Texts</Comment>
</DynamicTemplateString>

<DynamicTemplateString>
	<StringID>com.fmi.calculation.text.uuid</StringID>
	<SourceText>uuid</SourceText>
	<TargetText>uuid</TargetText>
	<Comment>Calculation Texts</Comment>
</DynamicTemplateString>

<DynamicTemplateString>
	<StringID>com.fmi.calculation.text.validationErrors.[].message</StringID>
	<SourceText>validationErrors.[].message</SourceText>
	<TargetText>validationErrors.[].message</TargetText>
	<Comment>Calculation Texts</Comment>
</DynamicTemplateString>

<DynamicTemplateString>
	<StringID>com.fmi.calculation.text.{}</StringID>
	<SourceText>{}</SourceText>
	<TargetText>{}</TargetText>
	<Comment>Calculation Texts</Comment>
</DynamicTemplateString>

<DynamicTemplateString>
	<StringID>com.fmi.calculation.text.キャンセル</StringID>
	<SourceText>キャンセル</SourceText>
	<TargetText>キャンセル</TargetText>
	<Comment>Calculation Texts</Comment>
</DynamicTemplateString>

<DynamicTemplateString>
	<StringID>com.fmi.calculation.text.保存</StringID>
	<SourceText>保存</SourceText>
	<TargetText>保存</TargetText>
	<Comment>Calculation Texts</Comment>
</DynamicTemplateString>

<DynamicTemplateString>
	<StringID>com.fmi.calculation.text.該当する郵便番号がありませんでした。</StringID>
	<SourceText>該当する郵便番号がありませんでした。</SourceText>
	<TargetText>該当する郵便番号がありませんでした。</TargetText>
	<Comment>Calculation Texts</Comment>
</DynamicTemplateString>

<DynamicTemplateString>
	<StringID>com.fmi.calculation.text.閉じる</StringID>
	<SourceText>閉じる</SourceText>
	<TargetText>閉じる</TargetText>
	<Comment>Calculation Texts</Comment>
</DynamicTemplateString>

<DynamicTemplateString>
	<StringID>com.fmi.layout.@Sys</StringID>
	<SourceText>@Sys</SourceText>
	<TargetText>@Sys</TargetText>
	<Comment>Layouts</Comment>
</DynamicTemplateString>

<DynamicTemplateString>
	<StringID>com.fmi.layout.Config</StringID>
	<SourceText>Config</SourceText>
	<TargetText>Config</TargetText>
	<Comment>Layouts</Comment>
</DynamicTemplateString>

<DynamicTemplateString>
	<StringID>com.fmi.layout.Sample</StringID>
	<SourceText>Sample</SourceText>
	<TargetText>Sample</TargetText>
	<Comment>Layouts</Comment>
</DynamicTemplateString>

<DynamicTemplateString>
	<StringID>com.fmi.layout.Setting</StringID>
	<SourceText>Setting</SourceText>
	<TargetText>Setting</TargetText>
	<Comment>Layouts</Comment>
</DynamicTemplateString>

<DynamicTemplateString>
	<StringID>com.fmi.layout.folder.Postcode-JP</StringID>
	<SourceText>Postcode-JP</SourceText>
	<TargetText>Postcode-JP</TargetText>
	<Comment>Layouts</Comment>
</DynamicTemplateString>

<DynamicTemplateString>
	<StringID>com.fmi.layoutobject.Postcode-JP_[&lt;^FMXML_AddonInstanceUUID&gt;]</StringID>
	<SourceText>Postcode-JP_[&lt;^FMXML_AddonInstanceUUID&gt;]</SourceText>
	<TargetText>Postcode-JP_[&lt;^FMXML_AddonInstanceUUID&gt;]</TargetText>
	<Comment>LayoutObjects</Comment>
</DynamicTemplateString>

<DynamicTemplateString>
	<StringID>com.fmi.layoutobject.fields</StringID>
	<SourceText>fields</SourceText>
	<TargetText>fields</TargetText>
	<Comment>LayoutObjects</Comment>
</DynamicTemplateString>

<DynamicTemplateString>
	<StringID>com.fmi.layoutobject.layout</StringID>
	<SourceText>layout</SourceText>
	<TargetText>layout</TargetText>
	<Comment>LayoutObjects</Comment>
</DynamicTemplateString>

<DynamicTemplateString>
	<StringID>com.fmi.layoutobject.text.APIキー</StringID>
	<SourceText>APIキー</SourceText>
	<TargetText>APIキー</TargetText>
	<Comment>LayoutObjects</Comment>
</DynamicTemplateString>

<DynamicTemplateString>
	<StringID>com.fmi.layoutobject.text.City</StringID>
	<SourceText>City</SourceText>
	<TargetText>City</TargetText>
	<Comment>LayoutObjects</Comment>
</DynamicTemplateString>

<DynamicTemplateString>
	<StringID>com.fmi.layoutobject.text.Fields</StringID>
	<SourceText>Fields</SourceText>
	<TargetText>Fields</TargetText>
	<Comment>LayoutObjects</Comment>
</DynamicTemplateString>

<DynamicTemplateString>
	<StringID>com.fmi.layoutobject.text.Layout</StringID>
	<SourceText>Layout</SourceText>
	<TargetText>Layout</TargetText>
	<Comment>LayoutObjects</Comment>
</DynamicTemplateString>

<DynamicTemplateString>
	<StringID>com.fmi.layoutobject.text.Prefecture</StringID>
	<SourceText>Prefecture</SourceText>
	<TargetText>Prefecture</TargetText>
	<Comment>LayoutObjects</Comment>
</DynamicTemplateString>

<DynamicTemplateString>
	<StringID>com.fmi.layoutobject.text.Town</StringID>
	<SourceText>Town</SourceText>
	<TargetText>Town</TargetText>
	<Comment>LayoutObjects</Comment>
</DynamicTemplateString>

<DynamicTemplateString>
	<StringID>com.fmi.layoutobject.text.UUID</StringID>
	<SourceText>UUID</SourceText>
	<TargetText>UUID</TargetText>
	<Comment>LayoutObjects</Comment>
</DynamicTemplateString>

<DynamicTemplateString>
	<StringID>com.fmi.layoutobject.text.ZipCode</StringID>
	<SourceText>ZipCode</SourceText>
	<TargetText>ZipCode</TargetText>
	<Comment>LayoutObjects</Comment>
</DynamicTemplateString>

<DynamicTemplateString>
	<StringID>com.fmi.layoutobject.text.html</StringID>
	<SourceText>html</SourceText>
	<TargetText>html</TargetText>
	<Comment>LayoutObjects</Comment>
</DynamicTemplateString>

<DynamicTemplateString>
	<StringID>com.fmi.layoutobject.text.key</StringID>
	<SourceText>key</SourceText>
	<TargetText>key</TargetText>
	<Comment>LayoutObjects</Comment>
</DynamicTemplateString>

<DynamicTemplateString>
	<StringID>com.fmi.layoutobject.text.レイアウト</StringID>
	<SourceText>レイアウト</SourceText>
	<TargetText>レイアウト</TargetText>
	<Comment>LayoutObjects</Comment>
</DynamicTemplateString>

<DynamicTemplateString>
	<StringID>com.fmi.layoutobject.text.市区町村</StringID>
	<SourceText>市区町村</SourceText>
	<TargetText>市区町村</TargetText>
	<Comment>LayoutObjects</Comment>
</DynamicTemplateString>

<DynamicTemplateString>
	<StringID>com.fmi.layoutobject.text.町域名</StringID>
	<SourceText>町域名</SourceText>
	<TargetText>町域名</TargetText>
	<Comment>LayoutObjects</Comment>
</DynamicTemplateString>

<DynamicTemplateString>
	<StringID>com.fmi.layoutobject.text.郵便番号</StringID>
	<SourceText>郵便番号</SourceText>
	<TargetText>郵便番号</TargetText>
	<Comment>LayoutObjects</Comment>
</DynamicTemplateString>

<DynamicTemplateString>
	<StringID>com.fmi.layoutobject.text.都道府県</StringID>
	<SourceText>都道府県</SourceText>
	<TargetText>都道府県</TargetText>
	<Comment>LayoutObjects</Comment>
</DynamicTemplateString>

<DynamicTemplateString>
	<StringID>com.fmi.layoutobject.uuid</StringID>
	<SourceText>uuid</SourceText>
	<TargetText>uuid</TargetText>
	<Comment>LayoutObjects</Comment>
</DynamicTemplateString>

<DynamicTemplateString>
	<StringID>com.fmi.layoutobject.wv</StringID>
	<SourceText>wv</SourceText>
	<TargetText>wv</TargetText>
	<Comment>LayoutObjects</Comment>
</DynamicTemplateString>

<DynamicTemplateString>
	<StringID>com.fmi.script.Cancel</StringID>
	<SourceText>Cancel</SourceText>
	<TargetText>Cancel</TargetText>
	<Comment>Scripts</Comment>
</DynamicTemplateString>

<DynamicTemplateString>
	<StringID>com.fmi.script.Config</StringID>
	<SourceText>Config</SourceText>
	<TargetText>Config</TargetText>
	<Comment>Scripts</Comment>
</DynamicTemplateString>

<DynamicTemplateString>
	<StringID>com.fmi.script.Fetch</StringID>
	<SourceText>Fetch</SourceText>
	<TargetText>Fetch</TargetText>
	<Comment>Scripts</Comment>
</DynamicTemplateString>

<DynamicTemplateString>
	<StringID>com.fmi.script.PostCode API</StringID>
	<SourceText>PostCode API</SourceText>
	<TargetText>PostCode API</TargetText>
	<Comment>Scripts</Comment>
</DynamicTemplateString>

<DynamicTemplateString>
	<StringID>com.fmi.script.folder.postcode-jp</StringID>
	<SourceText>postcode-jp</SourceText>
	<TargetText>postcode-jp</TargetText>
	<Comment>Scripts</Comment>
</DynamicTemplateString>

<DynamicTemplateString>
	<StringID>com.fmi.script.新規スクリプト</StringID>
	<SourceText>新規スクリプト</SourceText>
	<TargetText>新規スクリプト</TargetText>
	<Comment>Scripts</Comment>
</DynamicTemplateString>

<DynamicTemplateString>
	<StringID>com.fmi.scriptstep.text.//------------------------------</StringID>
	<SourceText>//------------------------------</SourceText>
	<TargetText>//------------------------------</TargetText>
	<Comment>ScriptSteps</Comment>
</DynamicTemplateString>

<DynamicTemplateString>
	<StringID>com.fmi.scriptstep.text.20/07/14_Created</StringID>
	<SourceText>20/07/14 Created</SourceText>
	<TargetText>20/07/14 Created</TargetText>
	<Comment>ScriptSteps</Comment>
</DynamicTemplateString>

<DynamicTemplateString>
	<StringID>com.fmi.scriptstep.text.@author_Takeshi_Yamamoto</StringID>
	<SourceText>@author Takeshi Yamamoto</SourceText>
	<TargetText>@author Takeshi Yamamoto</TargetText>
	<Comment>ScriptSteps</Comment>
</DynamicTemplateString>

<DynamicTemplateString>
	<StringID>com.fmi.scriptstep.text.@param_UUID_String</StringID>
	<SourceText>@param UUID String</SourceText>
	<TargetText>@param UUID String</TargetText>
	<Comment>ScriptSteps</Comment>
</DynamicTemplateString>

<DynamicTemplateString>
	<StringID>com.fmi.scriptstep.text.@param_postCode_String</StringID>
	<SourceText>@param postCode String</SourceText>
	<TargetText>@param postCode String</TargetText>
	<Comment>ScriptSteps</Comment>
</DynamicTemplateString>

<DynamicTemplateString>
	<StringID>com.fmi.scriptstep.text.@param_uuid_:__&lt;^FMXML_AddonInstanceUUID&gt;_</StringID>
	<SourceText>@param uuid : &quot;&lt;^FMXML_AddonInstanceUUID&gt;&quot;</SourceText>
	<TargetText>@param uuid : &quot;&lt;^FMXML_AddonInstanceUUID&gt;&quot;</TargetText>
	<Comment>ScriptSteps</Comment>
</DynamicTemplateString>

<DynamicTemplateString>
	<StringID>com.fmi.scriptstep.text.@param_なし</StringID>
	<SourceText>@param なし</SourceText>
	<TargetText>@param なし</TargetText>
	<Comment>ScriptSteps</Comment>
</DynamicTemplateString>

<DynamicTemplateString>
	<StringID>com.fmi.scriptstep.text.@return_なし</StringID>
	<SourceText>@return なし</SourceText>
	<TargetText>@return なし</TargetText>
	<Comment>ScriptSteps</Comment>
</DynamicTemplateString>

<DynamicTemplateString>
	<StringID>com.fmi.scriptstep.text.APIを実行</StringID>
	<SourceText>APIを実行</SourceText>
	<TargetText>APIを実行</TargetText>
	<Comment>ScriptSteps</Comment>
</DynamicTemplateString>

<DynamicTemplateString>
	<StringID>com.fmi.scriptstep.text.Cancel</StringID>
	<SourceText>Cancel</SourceText>
	<TargetText>Cancel</TargetText>
	<Comment>ScriptSteps</Comment>
</DynamicTemplateString>

<DynamicTemplateString>
	<StringID>com.fmi.scriptstep.text.Config</StringID>
	<SourceText>Config</SourceText>
	<TargetText>Config</TargetText>
	<Comment>ScriptSteps</Comment>
</DynamicTemplateString>

<DynamicTemplateString>
	<StringID>com.fmi.scriptstep.text.Copyright_©_2020_Genecom,_Inc._All_Rights_Reserved.</StringID>
	<SourceText>Copyright © 2020 Genecom, Inc. All Rights Reserved.</SourceText>
	<TargetText>Copyright © 2020 Genecom, Inc. All Rights Reserved.</TargetText>
	<Comment>ScriptSteps</Comment>
</DynamicTemplateString>

<DynamicTemplateString>
	<StringID>com.fmi.scriptstep.text.Fetch</StringID>
	<SourceText>Fetch</SourceText>
	<TargetText>Fetch</TargetText>
	<Comment>ScriptSteps</Comment>
</DynamicTemplateString>

<DynamicTemplateString>
	<StringID>com.fmi.scriptstep.text.PostCode_API</StringID>
	<SourceText>PostCode API</SourceText>
	<TargetText>PostCode API</TargetText>
	<Comment>ScriptSteps</Comment>
</DynamicTemplateString>

<DynamicTemplateString>
	<StringID>com.fmi.scriptstep.text.[URL_を挿入]_でリクエストを実行</StringID>
	<SourceText>[URL を挿入] でリクエストを実行</SourceText>
	<TargetText>[URL を挿入] でリクエストを実行</TargetText>
	<Comment>ScriptSteps</Comment>
</DynamicTemplateString>

<DynamicTemplateString>
	<StringID>com.fmi.scriptstep.text.[URL_を挿入]_で利用する変数</StringID>
	<SourceText>[URL を挿入] で利用する変数</SourceText>
	<TargetText>[URL を挿入] で利用する変数</TargetText>
	<Comment>ScriptSteps</Comment>
</DynamicTemplateString>

<DynamicTemplateString>
	<StringID>com.fmi.scriptstep.text.{_error_:false,_result_:{_city_:_足立区_,_postcode_:_1230865_,_pref_:_東京都_,_town_:_新田_}}</StringID>
	<SourceText>{&quot;error&quot;:false,&quot;result&quot;:{&quot;city&quot;:&quot;足立区&quot;,&quot;postcode&quot;:&quot;1230865&quot;,&quot;pref&quot;:&quot;東京都&quot;,&quot;town&quot;:&quot;新田&quot;}}</SourceText>
	<TargetText>{&quot;error&quot;:false,&quot;result&quot;:{&quot;city&quot;:&quot;足立区&quot;,&quot;postcode&quot;:&quot;1230865&quot;,&quot;pref&quot;:&quot;東京都&quot;,&quot;town&quot;:&quot;新田&quot;}}</TargetText>
	<Comment>ScriptSteps</Comment>
</DynamicTemplateString>

<DynamicTemplateString>
	<StringID>com.fmi.scriptstep.text.フィールドマッピングを取得</StringID>
	<SourceText>フィールドマッピングを取得</SourceText>
	<TargetText>フィールドマッピングを取得</TargetText>
	<Comment>ScriptSteps</Comment>
</DynamicTemplateString>

<DynamicTemplateString>
	<StringID>com.fmi.scriptstep.text.フィールド一覧を更新</StringID>
	<SourceText>フィールド一覧を更新</SourceText>
	<TargetText>フィールド一覧を更新</TargetText>
	<Comment>ScriptSteps</Comment>
</DynamicTemplateString>

<DynamicTemplateString>
	<StringID>com.fmi.scriptstep.text.リクエストがエラーだった場合</StringID>
	<SourceText>リクエストがエラーだった場合</SourceText>
	<TargetText>リクエストがエラーだった場合</TargetText>
	<Comment>ScriptSteps</Comment>
</DynamicTemplateString>

<DynamicTemplateString>
	<StringID>com.fmi.scriptstep.text.レコード作成</StringID>
	<SourceText>レコード作成</SourceText>
	<TargetText>レコード作成</TargetText>
	<Comment>ScriptSteps</Comment>
</DynamicTemplateString>

<DynamicTemplateString>
	<StringID>com.fmi.scriptstep.text.レコード編集</StringID>
	<SourceText>レコード編集</SourceText>
	<TargetText>レコード編集</TargetText>
	<Comment>ScriptSteps</Comment>
</DynamicTemplateString>

<DynamicTemplateString>
	<StringID>com.fmi.scriptstep.text.修飾キーを押して実行した場合は、Config_を実行</StringID>
	<SourceText>修飾キーを押して実行した場合は、Config を実行</SourceText>
	<TargetText>修飾キーを押して実行した場合は、Config を実行</TargetText>
	<Comment>ScriptSteps</Comment>
</DynamicTemplateString>

<DynamicTemplateString>
	<StringID>com.fmi.scriptstep.text.入力待機</StringID>
	<SourceText>入力待機</SourceText>
	<TargetText>入力待機</TargetText>
	<Comment>ScriptSteps</Comment>
</DynamicTemplateString>

<DynamicTemplateString>
	<StringID>com.fmi.scriptstep.text.入力確定</StringID>
	<SourceText>入力確定</SourceText>
	<TargetText>入力確定</TargetText>
	<Comment>ScriptSteps</Comment>
</DynamicTemplateString>

<DynamicTemplateString>
	<StringID>com.fmi.scriptstep.text.実行結果を保存</StringID>
	<SourceText>実行結果を保存</SourceText>
	<TargetText>実行結果を保存</TargetText>
	<Comment>ScriptSteps</Comment>
</DynamicTemplateString>

<DynamicTemplateString>
	<StringID>com.fmi.scriptstep.text.結果が正しく返ってきた場合</StringID>
	<SourceText>結果が正しく返ってきた場合</SourceText>
	<TargetText>結果が正しく返ってきた場合</TargetText>
	<Comment>ScriptSteps</Comment>
</DynamicTemplateString>

<DynamicTemplateString>
	<StringID>com.fmi.scriptstep.text.自動読み込みのキャンセル</StringID>
	<SourceText>自動読み込みのキャンセル</SourceText>
	<TargetText>自動読み込みのキャンセル</TargetText>
	<Comment>ScriptSteps</Comment>
</DynamicTemplateString>

<DynamicTemplateString>
	<StringID>com.fmi.scriptstep.text.設定ダイアログを表示</StringID>
	<SourceText>設定ダイアログを表示</SourceText>
	<TargetText>設定ダイアログを表示</TargetText>
	<Comment>ScriptSteps</Comment>
</DynamicTemplateString>

<DynamicTemplateString>
	<StringID>com.fmi.scriptstep.text.開発用_^_をエスケープする必要がある</StringID>
	<SourceText>開発用 ^ をエスケープする必要がある</SourceText>
	<TargetText>開発用 ^ をエスケープする必要がある</TargetText>
	<Comment>ScriptSteps</Comment>
</DynamicTemplateString>

<DynamicTemplateString>
	<StringID>com.fmi.tableoccurrence.@Sys</StringID>
	<SourceText>@Sys</SourceText>
	<TargetText>@Sys</TargetText>
	<Comment>TableOccurrences</Comment>
</DynamicTemplateString>

<DynamicTemplateString>
	<StringID>com.fmi.tableoccurrence.Config</StringID>
	<SourceText>Config</SourceText>
	<TargetText>Config</TargetText>
	<Comment>TableOccurrences</Comment>
</DynamicTemplateString>

<DynamicTemplateString>
	<StringID>com.fmi.tableoccurrence.Fields</StringID>
	<SourceText>Fields</SourceText>
	<TargetText>Fields</TargetText>
	<Comment>TableOccurrences</Comment>
</DynamicTemplateString>

<DynamicTemplateString>
	<StringID>com.fmi.tableoccurrence.Sample</StringID>
	<SourceText>Sample</SourceText>
	<TargetText>Sample</TargetText>
	<Comment>TableOccurrences</Comment>
</DynamicTemplateString>

<DynamicTemplateString>
	<StringID>com.fmi.tableoccurrence.field.@Sys::@Sys::html</StringID>
	<SourceText>@Sys::html</SourceText>
	<TargetText>@Sys::html</TargetText>
	<Comment>TableOccurrences</Comment>
</DynamicTemplateString>

<DynamicTemplateString>
	<StringID>com.fmi.tableoccurrence.field.@Sys::@Sys::key</StringID>
	<SourceText>@Sys::key</SourceText>
	<TargetText>@Sys::key</TargetText>
	<Comment>TableOccurrences</Comment>
</DynamicTemplateString>

<DynamicTemplateString>
	<StringID>com.fmi.tableoccurrence.field.@Sys::html</StringID>
	<SourceText>html</SourceText>
	<TargetText>html</TargetText>
	<Comment>TableOccurrences</Comment>
</DynamicTemplateString>

<DynamicTemplateString>
	<StringID>com.fmi.tableoccurrence.field.@Sys::key</StringID>
	<SourceText>key</SourceText>
	<TargetText>key</TargetText>
	<Comment>TableOccurrences</Comment>
</DynamicTemplateString>

<DynamicTemplateString>
	<StringID>com.fmi.tableoccurrence.field.Config::City</StringID>
	<SourceText>City</SourceText>
	<TargetText>City</TargetText>
	<Comment>TableOccurrences</Comment>
</DynamicTemplateString>

<DynamicTemplateString>
	<StringID>com.fmi.tableoccurrence.field.Config::Config::City</StringID>
	<SourceText>Config::City</SourceText>
	<TargetText>Config::City</TargetText>
	<Comment>TableOccurrences</Comment>
</DynamicTemplateString>

<DynamicTemplateString>
	<StringID>com.fmi.tableoccurrence.field.Config::Config::Prefecture</StringID>
	<SourceText>Config::Prefecture</SourceText>
	<TargetText>Config::Prefecture</TargetText>
	<Comment>TableOccurrences</Comment>
</DynamicTemplateString>

<DynamicTemplateString>
	<StringID>com.fmi.tableoccurrence.field.Config::Config::Town</StringID>
	<SourceText>Config::Town</SourceText>
	<TargetText>Config::Town</TargetText>
	<Comment>TableOccurrences</Comment>
</DynamicTemplateString>

<DynamicTemplateString>
	<StringID>com.fmi.tableoccurrence.field.Config::Config::ZipCode</StringID>
	<SourceText>Config::ZipCode</SourceText>
	<TargetText>Config::ZipCode</TargetText>
	<Comment>TableOccurrences</Comment>
</DynamicTemplateString>

<DynamicTemplateString>
	<StringID>com.fmi.tableoccurrence.field.Config::Fields</StringID>
	<SourceText>Fields</SourceText>
	<TargetText>Fields</TargetText>
	<Comment>TableOccurrences</Comment>
</DynamicTemplateString>

<DynamicTemplateString>
	<StringID>com.fmi.tableoccurrence.field.Config::Layout</StringID>
	<SourceText>Layout</SourceText>
	<TargetText>Layout</TargetText>
	<Comment>TableOccurrences</Comment>
</DynamicTemplateString>

<DynamicTemplateString>
	<StringID>com.fmi.tableoccurrence.field.Config::Prefecture</StringID>
	<SourceText>Prefecture</SourceText>
	<TargetText>Prefecture</TargetText>
	<Comment>TableOccurrences</Comment>
</DynamicTemplateString>

<DynamicTemplateString>
	<StringID>com.fmi.tableoccurrence.field.Config::Town</StringID>
	<SourceText>Town</SourceText>
	<TargetText>Town</TargetText>
	<Comment>TableOccurrences</Comment>
</DynamicTemplateString>

<DynamicTemplateString>
	<StringID>com.fmi.tableoccurrence.field.Config::UUID</StringID>
	<SourceText>UUID</SourceText>
	<TargetText>UUID</TargetText>
	<Comment>TableOccurrences</Comment>
</DynamicTemplateString>

<DynamicTemplateString>
	<StringID>com.fmi.tableoccurrence.field.Config::ZipCode</StringID>
	<SourceText>ZipCode</SourceText>
	<TargetText>ZipCode</TargetText>
	<Comment>TableOccurrences</Comment>
</DynamicTemplateString>

<DynamicTemplateString>
	<StringID>com.fmi.tableoccurrence.field.Fields::UUID</StringID>
	<SourceText>UUID</SourceText>
	<TargetText>UUID</TargetText>
	<Comment>TableOccurrences</Comment>
</DynamicTemplateString>

<DynamicTemplateString>
	<StringID>com.fmi.tableoccurrence.field.Sample::市区町村</StringID>
	<SourceText>市区町村</SourceText>
	<TargetText>市区町村</TargetText>
	<Comment>TableOccurrences</Comment>
</DynamicTemplateString>

<DynamicTemplateString>
	<StringID>com.fmi.tableoccurrence.field.Sample::町域名</StringID>
	<SourceText>町域名</SourceText>
	<TargetText>町域名</TargetText>
	<Comment>TableOccurrences</Comment>
</DynamicTemplateString>

<DynamicTemplateString>
	<StringID>com.fmi.tableoccurrence.field.Sample::郵便番号</StringID>
	<SourceText>郵便番号</SourceText>
	<TargetText>郵便番号</TargetText>
	<Comment>TableOccurrences</Comment>
</DynamicTemplateString>

<DynamicTemplateString>
	<StringID>com.fmi.tableoccurrence.field.Sample::都道府県</StringID>
	<SourceText>都道府県</SourceText>
	<TargetText>都道府県</TargetText>
	<Comment>TableOccurrences</Comment>
</DynamicTemplateString>

<DynamicTemplateString>
	<StringID>com.fmi.valuelist.フィールド名</StringID>
	<SourceText>フィールド名</SourceText>
	<TargetText>フィールド名</TargetText>
	<Comment>ValueLists</Comment>
</DynamicTemplateString>
